name;legend;json_info;work_variable;work_grid;min_date;max_date;str_mode;num_mode;turbo_compute;exploits_grid;go;condition_variable;go_e
Cumul de précipitations totales mensuelles 1 km;Cumul de précipitations totales PRENEI et PRELIQ, cumul mensuel - unités : mm et dixièmes - pas de temps : mensuel sur maille 1 km SAFRAN MétéoFrance;;Cumul de précipitations totales mensuelles;INPN 1 km EXP;01/01/1900;01/01/2025;value_str_agg;value_invdist_pt;FALSE;;0;;0
Température, moyenne mensuelle 1 km;Température, moyenne mensuelle - unités : °C et dixièmes - pas de temps : mensuel;;Température, moyenne mensuelle;INPN 1 km EXP;01/01/1900;01/01/2025;value_str_agg;value_invdist_pt;FALSE;;0;;0
Evapotranspiration réelle, cumul mensuel  1 km;Evapotranspiration réelle, cumul mensuel - unités : mm et dixièmes - pas de temps : mensuel;;Evapotranspiration réelle, cumul mensuel ;INPN 1 km EXP;01/01/1900;01/01/2025;value_str_agg;value_invdist_pt;FALSE;;0;;0
Evapotranspiration potentielle mensuel décadaire 1 km;Evapotranspiration potentielle (cumul mensuel à partir des ETP décadaires) - unités : mm et dixièmes - pas de temps : mensuel;;Evapotranspiration potentielle mensuel décadaire;INPN 1 km EXP;01/01/1900;01/01/2025;value_str_agg;value_invdist_pt;FALSE;;0;;0
Pluies efficaces, cumul mensuel 1 km;Pluies efficaces, cumul mensuel - unités : mm et dixièmes - pas de temps : mensuel;;Pluies efficaces, cumul mensuel;INPN 1 km EXP;01/01/1900;01/01/2025;value_str_agg;value_invdist_pt;FALSE;;0;;0
Indice d humidité des sols, moyenne mensuelle 1 km;Indice d humidité des sols, moyenne mensuelle - unités :  - pas de temps : mensuel;;Indice d humidité des sols, moyenne mensuelle;INPN 1 km EXP;01/01/1900;01/01/2025;value_str_agg;value_invdist_pt;FALSE;;0;;0
Drainage, cumul mensuel 1 km;Drainage, cumul mensuel - unités : mm et dixièmes - pas de temps : mensuel;;Drainage, cumul mensuel;INPN 1 km EXP;01/01/1900;01/01/2025;value_str_agg;value_invdist_pt;FALSE;;0;;0
Ruissellement, cumul mensuel 1 km;Ruissellement, cumul mensuel - unités : mm et dixièmes - pas de temps : mensuel;;Ruissellement, cumul mensuel;INPN 1 km EXP;01/01/1900;01/01/2025;value_str_agg;value_invdist_pt;FALSE;;0;;0
Indice sècheresse des précipitations mensuel 1 km;Indice sècheresse des précipitations intégré sur 1 mois - unités :  - pas de temps : mensuel;;Indice sècheresse des précipitations mensuel;INPN 1 km EXP;01/01/1900;01/01/2025;value_str_agg;value_invdist_pt;FALSE;;0;;0
Ecoulement à la base du manteau neigeux, cumul mensuel 1 km;Ecoulement à la base du manteau neigeux, cumul mensuel - unités : mm et dixièmes - pas de temps : mensuel;;Ecoulement à la base du manteau neigeux, cumul mensuel;INPN 1 km EXP;01/01/1900;01/01/2025;value_str_agg;value_invdist_pt;FALSE;;0;;0
Cumul de précipitations totales mensuelles 5 km;Cumul de précipitations totales PRENEI et PRELIQ, cumul mensuel - unités : mm et dixièmes - pas de temps : mensuel sur maille 5 km SAFRAN MétéoFrance;;Cumul de précipitations totales mensuelles;INPN 5 km EXP;01/01/1900;01/01/2025;value_str_agg;value_invdist_pt;FALSE;;0;;0
Température, moyenne mensuelle 5 km;Température, moyenne mensuelle - unités : °C et dixièmes - pas de temps : mensuel;;Température, moyenne mensuelle;INPN 5 km EXP;01/01/1900;01/01/2025;value_str_agg;value_invdist_pt;FALSE;;0;;0
Evapotranspiration réelle, cumul mensuel  5 km;Evapotranspiration réelle, cumul mensuel - unités : mm et dixièmes - pas de temps : mensuel;;Evapotranspiration réelle, cumul mensuel ;INPN 5 km EXP;01/01/1900;01/01/2025;value_str_agg;value_invdist_pt;FALSE;;0;;0
Evapotranspiration potentielle mensuel décadaire 5 km;Evapotranspiration potentielle (cumul mensuel à partir des ETP décadaires) - unités : mm et dixièmes - pas de temps : mensuel;;Evapotranspiration potentielle mensuel décadaire;INPN 5 km EXP;01/01/1900;01/01/2025;value_str_agg;value_invdist_pt;FALSE;;0;;0
Pluies efficaces, cumul mensuel 5 km;Pluies efficaces, cumul mensuel - unités : mm et dixièmes - pas de temps : mensuel;;Pluies efficaces, cumul mensuel;INPN 5 km EXP;01/01/1900;01/01/2025;value_str_agg;value_invdist_pt;FALSE;;0;;0
Indice d humidité des sols, moyenne mensuelle 5 km;Indice d humidité des sols, moyenne mensuelle - unités :  - pas de temps : mensuel;;Indice d humidité des sols, moyenne mensuelle;INPN 5 km EXP;01/01/1900;01/01/2025;value_str_agg;value_invdist_pt;FALSE;;0;;0
Drainage, cumul mensuel 5 km;Drainage, cumul mensuel - unités : mm et dixièmes - pas de temps : mensuel;;Drainage, cumul mensuel;INPN 5 km EXP;01/01/1900;01/01/2025;value_str_agg;value_invdist_pt;FALSE;;0;;0
Ruissellement, cumul mensuel 5 km;Ruissellement, cumul mensuel - unités : mm et dixièmes - pas de temps : mensuel;;Ruissellement, cumul mensuel;INPN 5 km EXP;01/01/1900;01/01/2025;value_str_agg;value_invdist_pt;FALSE;;0;;0
Indice sècheresse des précipitations mensuel 5 km;Indice sècheresse des précipitations intégré sur 1 mois - unités :  - pas de temps : mensuel;;Indice sècheresse des précipitations mensuel;INPN 5 km EXP;01/01/1900;01/01/2025;value_str_agg;value_invdist_pt;FALSE;;0;;0
Ecoulement à la base du manteau neigeux, cumul mensuel 5 km;Ecoulement à la base du manteau neigeux, cumul mensuel - unités : mm et dixièmes - pas de temps : mensuel;;Ecoulement à la base du manteau neigeux, cumul mensuel;INPN 5 km EXP;01/01/1900;01/01/2025;value_str_agg;value_invdist_pt;FALSE;;0;;0
MOS OSO 2017 1 km;Classe d'occupation des sols majoritaire OSO 2017, dalle 1 km;;MOS OSO 2017;INPN 1 km EXP;01/01/1900;01/01/20210;value_str_mode_inter;;FALSE;;0;;0
MOS OSO 2017 5 km;Classe d'occupation des sols majoritaire OSO 2017, dalle 5 km;;MOS OSO 2017;INPN 5 km EXP;01/01/1900;01/01/20210;value_str_mode_inter;;FALSE;;0;;0
Pourcentage occupation RPG BLE TENDRE INPN 1 km;Pourcentage d'occupation de la grille INPN 1 km par les parcelles du groupe de culture RPG : BLE TENDRE;;RPG groupe de culture déclaré;INPN 1 km EXP;01/01/1900;01/01/20210;;prop_surf;FALSE;;0;value_str ='1';1
Pourcentage occupation RPG MAIS GRAIN ET ENSILAGE INPN 1 km;Pourcentage d'occupation de la grille INPN 1 km par les parcelles du groupe de culture RPG : MAIS GRAIN ET ENSILAGE;;RPG groupe de culture déclaré;INPN 1 km EXP;01/01/1900;01/01/20210;;prop_surf;FALSE;;0;value_str ='2';1
Pourcentage occupation RPG ORGE INPN 1 km;Pourcentage d'occupation de la grille INPN 1 km par les parcelles du groupe de culture RPG : ORGE;;RPG groupe de culture déclaré;INPN 1 km EXP;01/01/1900;01/01/20210;;prop_surf;FALSE;;0;value_str ='3';1
Pourcentage occupation RPG AUTRES CEREALES INPN 1 km;Pourcentage d'occupation de la grille INPN 1 km par les parcelles du groupe de culture RPG : AUTRES CEREALES;;RPG groupe de culture déclaré;INPN 1 km EXP;01/01/1900;01/01/20210;;prop_surf;FALSE;;0;value_str ='4';1
Pourcentage occupation RPG COLZA INPN 1 km;Pourcentage d'occupation de la grille INPN 1 km par les parcelles du groupe de culture RPG : COLZA;;RPG groupe de culture déclaré;INPN 1 km EXP;01/01/1900;01/01/20210;;prop_surf;FALSE;;0;value_str ='5';1
Pourcentage occupation RPG TOURNESOL INPN 1 km;Pourcentage d'occupation de la grille INPN 1 km par les parcelles du groupe de culture RPG : TOURNESOL;;RPG groupe de culture déclaré;INPN 1 km EXP;01/01/1900;01/01/20210;;prop_surf;FALSE;;0;value_str ='6';1
Pourcentage occupation RPG AUTRES OLEAGINEUX INPN 1 km;Pourcentage d'occupation de la grille INPN 1 km par les parcelles du groupe de culture RPG : AUTRES OLEAGINEUX;;RPG groupe de culture déclaré;INPN 1 km EXP;01/01/1900;01/01/20210;;prop_surf;FALSE;;0;value_str ='7';1
Pourcentage occupation RPG PROTEAGINEUX INPN 1 km;Pourcentage d'occupation de la grille INPN 1 km par les parcelles du groupe de culture RPG : PROTEAGINEUX;;RPG groupe de culture déclaré;INPN 1 km EXP;01/01/1900;01/01/20210;;prop_surf;FALSE;;0;value_str ='8';1
Pourcentage occupation RPG PLANTES A FIBRES INPN 1 km;Pourcentage d'occupation de la grille INPN 1 km par les parcelles du groupe de culture RPG : PLANTES A FIBRES;;RPG groupe de culture déclaré;INPN 1 km EXP;01/01/1900;01/01/20210;;prop_surf;FALSE;;0;value_str ='9';1
Pourcentage occupation RPG SEMENCES INPN 1 km;Pourcentage d'occupation de la grille INPN 1 km par les parcelles du groupe de culture RPG : SEMENCES;;RPG groupe de culture déclaré;INPN 1 km EXP;01/01/1900;01/01/20210;;prop_surf;FALSE;;0;value_str ='10';1
Pourcentage occupation RPG GEL (surfaces gelées sans production) INPN 1 km;Pourcentage d'occupation de la grille INPN 1 km par les parcelles du groupe de culture RPG : GEL (surfaces gelées sans production);;RPG groupe de culture déclaré;INPN 1 km EXP;01/01/1900;01/01/20210;;prop_surf;FALSE;;0;value_str ='11';1
Pourcentage occupation RPG GEL INDUSTRIEL INPN 1 km;Pourcentage d'occupation de la grille INPN 1 km par les parcelles du groupe de culture RPG : GEL INDUSTRIEL;;RPG groupe de culture déclaré;INPN 1 km EXP;01/01/1900;01/01/20210;;prop_surf;FALSE;;0;value_str ='12';1
Pourcentage occupation RPG AUTRES GELS INPN 1 km;Pourcentage d'occupation de la grille INPN 1 km par les parcelles du groupe de culture RPG : AUTRES GELS;;RPG groupe de culture déclaré;INPN 1 km EXP;01/01/1900;01/01/20210;;prop_surf;FALSE;;0;value_str ='13';1
Pourcentage occupation RPG RIZ INPN 1 km;Pourcentage d'occupation de la grille INPN 1 km par les parcelles du groupe de culture RPG : RIZ;;RPG groupe de culture déclaré;INPN 1 km EXP;01/01/1900;01/01/20210;;prop_surf;FALSE;;0;value_str ='14';1
Pourcentage occupation RPG LEGUMINEUSES A GRAIN INPN 1 km;Pourcentage d'occupation de la grille INPN 1 km par les parcelles du groupe de culture RPG : LEGUMINEUSES A GRAIN;;RPG groupe de culture déclaré;INPN 1 km EXP;01/01/1900;01/01/20210;;prop_surf;FALSE;;0;value_str ='15';1
Pourcentage occupation RPG FOURRAGE INPN 1 km;Pourcentage d'occupation de la grille INPN 1 km par les parcelles du groupe de culture RPG : FOURRAGE;;RPG groupe de culture déclaré;INPN 1 km EXP;01/01/1900;01/01/20210;;prop_surf;FALSE;;0;value_str ='16';1
Pourcentage occupation RPG ESTIVES LANDES INPN 1 km;Pourcentage d'occupation de la grille INPN 1 km par les parcelles du groupe de culture RPG : ESTIVES LANDES;;RPG groupe de culture déclaré;INPN 1 km EXP;01/01/1900;01/01/20210;;prop_surf;FALSE;;0;value_str ='17';1
Pourcentage occupation RPG PRAIRIES TEMPORAIRES INPN 1 km;Pourcentage d'occupation de la grille INPN 1 km par les parcelles du groupe de culture RPG : PRAIRIES TEMPORAIRES;;RPG groupe de culture déclaré;INPN 1 km EXP;01/01/1900;01/01/20210;;prop_surf;FALSE;;0;value_str ='19';1
Pourcentage occupation RPG VERGERS INPN 1 km;Pourcentage d'occupation de la grille INPN 1 km par les parcelles du groupe de culture RPG : VERGERS;;RPG groupe de culture déclaré;INPN 1 km EXP;01/01/1900;01/01/20210;;prop_surf;FALSE;;0;value_str ='20';1
Pourcentage occupation RPG VIGNES INPN 1 km;Pourcentage d'occupation de la grille INPN 1 km par les parcelles du groupe de culture RPG : VIGNES;;RPG groupe de culture déclaré;INPN 1 km EXP;01/01/1900;01/01/20210;;prop_surf;FALSE;;0;value_str ='21';1
Pourcentage occupation RPG FRUITS A COQUES INPN 1 km;Pourcentage d'occupation de la grille INPN 1 km par les parcelles du groupe de culture RPG : FRUITS A COQUES;;RPG groupe de culture déclaré;INPN 1 km EXP;01/01/1900;01/01/20210;;prop_surf;FALSE;;0;value_str ='22';1
Pourcentage occupation RPG OLIVIERS INPN 1 km;Pourcentage d'occupation de la grille INPN 1 km par les parcelles du groupe de culture RPG : OLIVIERS;;RPG groupe de culture déclaré;INPN 1 km EXP;01/01/1900;01/01/20210;;prop_surf;FALSE;;0;value_str ='23';1
Pourcentage occupation RPG AUTRES CULTURES INDUSTRIELLES INPN 1 km;Pourcentage d'occupation de la grille INPN 1 km par les parcelles du groupe de culture RPG : AUTRES CULTURES INDUSTRIELLES;;RPG groupe de culture déclaré;INPN 1 km EXP;01/01/1900;01/01/20210;;prop_surf;FALSE;;0;value_str ='24';1
Pourcentage occupation RPG LEGUMES-FLEURS INPN 1 km;Pourcentage d'occupation de la grille INPN 1 km par les parcelles du groupe de culture RPG : LEGUMES-FLEURS;;RPG groupe de culture déclaré;INPN 1 km EXP;01/01/1900;01/01/20210;;prop_surf;FALSE;;0;value_str ='25';1
Pourcentage occupation RPG CANNE A SUCRE INPN 1 km;Pourcentage d'occupation de la grille INPN 1 km par les parcelles du groupe de culture RPG : CANNE A SUCRE;;RPG groupe de culture déclaré;INPN 1 km EXP;01/01/1900;01/01/20210;;prop_surf;FALSE;;0;value_str ='26';1
Pourcentage occupation RPG ARBORICULTURE INPN 1 km;Pourcentage d'occupation de la grille INPN 1 km par les parcelles du groupe de culture RPG : ARBORICULTURE;;RPG groupe de culture déclaré;INPN 1 km EXP;01/01/1900;01/01/20210;;prop_surf;FALSE;;0;value_str ='27';1
Pourcentage occupation RPG DIVERS INPN 1 km;Pourcentage d'occupation de la grille INPN 1 km par les parcelles du groupe de culture RPG : DIVERS;;RPG groupe de culture déclaré;INPN 1 km EXP;01/01/1900;01/01/20210;;prop_surf;FALSE;;0;value_str ='28';1
Etat DCE phytoplancton INPN 1 km;Etat DCE phytoplancton, par maille INPN 1 km;;Etat DCE phytoplancton;INPN 1 km EXP;01/01/1900;01/01/20210;value_str_full;;FALSE;;0;;1
Etat DCE flore aquatique INPN 1 km;Etat DCE flore aquatique, par maille INPN 1 km;;Etat DCE flore aquatique;INPN 1 km EXP;01/01/1900;01/01/20210;value_str_full;;FALSE;;0;;1
Etat DCE macro algues INPN 1 km;Etat DCE macro algues, par maille INPN 1 km;;Etat DCE macro algues;INPN 1 km EXP;01/01/1900;01/01/20210;value_str_full;;FALSE;;0;;1
Etat DCE angiospermes INPN 1 km;Etat DCE angiospermes, par maille INPN 1 km;;Etat DCE angiospermes;INPN 1 km EXP;01/01/1900;01/01/20210;value_str_full;;FALSE;;0;;1
Etat DCE macrophytes INPN 1 km;Etat DCE macrophytes, par maille INPN 1 km;;Etat DCE macrophytes;INPN 1 km EXP;01/01/1900;01/01/20210;value_str_full;;FALSE;;0;;1
Etat DCE phytobenthos INPN 1 km;Etat DCE phytobenthos, par maille INPN 1 km;;Etat DCE phytobenthos;INPN 1 km EXP;01/01/1900;01/01/20210;value_str_full;;FALSE;;0;;1
Etat DCE invertébrés benthiques INPN 1 km;Etat DCE invertébrés benthiques, par maille INPN 1 km;;Etat DCE invertébrés benthiques;INPN 1 km EXP;01/01/1900;01/01/20210;value_str_full;;FALSE;;0;;1
Etat DCE poissons INPN 1 km;Etat DCE poissons, par maille INPN 1 km;;Etat DCE poissons;INPN 1 km EXP;01/01/1900;01/01/20210;value_str_full;;FALSE;;0;;1
Etat DCE autres paramètres biologiques INPN 1 km;Etat DCE autres paramètres biologiques, par maille INPN 1 km;;Etat DCE autres paramètres biologiques;INPN 1 km EXP;01/01/1900;01/01/20210;value_str_full;;FALSE;;0;;1
Etat DCE hydrologie ou régime tidal INPN 1 km;Etat DCE hydrologie ou régime tidal, par maille INPN 1 km;;Etat DCE hydrologie ou régime tidal;INPN 1 km EXP;01/01/1900;01/01/20210;value_str_full;;FALSE;;0;;1
Etat DCE Paramètres physico chimiques généraux INPN 1 km;Etat DCE Paramètres physico chimiques généraux, par maille INPN 1 km;;Etat DCE Paramètres physico chimiques généraux;INPN 1 km EXP;01/01/1900;01/01/20210;value_str_full;;FALSE;;0;;1
Etat DCE polluants spécifiques au bassin versant INPN 1 km;Etat DCE polluants spécifiques au bassin versant, par maille INPN 1 km;;Etat DCE polluants spécifiques au bassin versant;INPN 1 km EXP;01/01/1900;01/01/20210;value_str_full;;FALSE;;0;;1
Pression DCE : pollutions ponctuelles INPN 1 km;Pression DCE : pollutions ponctuelles, par maille INPN 1 km;;Pression DCE : pollutions ponctuelles;INPN 1 km EXP;01/01/1900;01/01/20210;value_str_full;;FALSE;;0;;1
Pression DCE : pollutions diffuses INPN 1 km;Pression DCE : pollutions diffuses, par maille INPN 1 km;;Pression DCE : pollutions diffuses;INPN 1 km EXP;01/01/1900;01/01/20210;value_str_full;;FALSE;;0;;1
Pression DCE : prélèvement en eau INPN 1 km;Pression DCE : prélèvement en eau, par maille INPN 1 km;;Pression DCE : prélèvement en eau;INPN 1 km EXP;01/01/1900;01/01/20210;value_str_full;;FALSE;;0;;1
Pression DCE : pression hydromorphologique INPN 1 km;Pression DCE : pression hydromorphologique, par maille INPN 1 km;;Pression DCE : pression hydromorphologique;INPN 1 km EXP;01/01/1900;01/01/20210;value_str_full;;FALSE;;0;;1
Pression DCE : autres pressions INPN 1 km;Pression DCE : autres pressions, par maille INPN 1 km;;Pression DCE : autres pressions;INPN 1 km EXP;01/01/1900;01/01/20210;value_str_full;;FALSE;;0;;1
Etat DCE phytoplancton INPN 5 km;Etat DCE phytoplancton, par maille INPN 5 km;;Etat DCE phytoplancton;INPN 5 km EXP;01/01/1900;01/01/20210;value_str_full;;FALSE;;0;;1
Etat DCE flore aquatique INPN 5 km;Etat DCE flore aquatique, par maille INPN 5 km;;Etat DCE flore aquatique;INPN 5 km EXP;01/01/1900;01/01/20210;value_str_full;;FALSE;;0;;1
Etat DCE macro algues INPN 5 km;Etat DCE macro algues, par maille INPN 5 km;;Etat DCE macro algues;INPN 5 km EXP;01/01/1900;01/01/20210;value_str_full;;FALSE;;0;;1
Etat DCE angiospermes INPN 5 km;Etat DCE angiospermes, par maille INPN 5 km;;Etat DCE angiospermes;INPN 5 km EXP;01/01/1900;01/01/20210;value_str_full;;FALSE;;0;;1
Etat DCE macrophytes INPN 5 km;Etat DCE macrophytes, par maille INPN 5 km;;Etat DCE macrophytes;INPN 5 km EXP;01/01/1900;01/01/20210;value_str_full;;FALSE;;0;;1
Etat DCE phytobenthos INPN 5 km;Etat DCE phytobenthos, par maille INPN 5 km;;Etat DCE phytobenthos;INPN 5 km EXP;01/01/1900;01/01/20210;value_str_full;;FALSE;;0;;1
Etat DCE invertébrés benthiques INPN 5 km;Etat DCE invertébrés benthiques, par maille INPN 5 km;;Etat DCE invertébrés benthiques;INPN 5 km EXP;01/01/1900;01/01/20210;value_str_full;;FALSE;;0;;1
Etat DCE poissons INPN 5 km;Etat DCE poissons, par maille INPN 5 km;;Etat DCE poissons;INPN 5 km EXP;01/01/1900;01/01/20210;value_str_full;;FALSE;;0;;1
Etat DCE autres paramètres biologiques INPN 5 km;Etat DCE autres paramètres biologiques, par maille INPN 5 km;;Etat DCE autres paramètres biologiques;INPN 5 km EXP;01/01/1900;01/01/20210;value_str_full;;FALSE;;0;;1
Etat DCE hydrologie ou régime tidal INPN 5 km;Etat DCE hydrologie ou régime tidal, par maille INPN 5 km;;Etat DCE hydrologie ou régime tidal;INPN 5 km EXP;01/01/1900;01/01/20210;value_str_full;;FALSE;;0;;1
Etat DCE Paramètres physico chimiques généraux INPN 5 km;Etat DCE Paramètres physico chimiques généraux, par maille INPN 5 km;;Etat DCE Paramètres physico chimiques généraux;INPN 5 km EXP;01/01/1900;01/01/20210;value_str_full;;FALSE;;0;;1
Etat DCE polluants spécifiques au bassin versant INPN 5 km;Etat DCE polluants spécifiques au bassin versant, par maille INPN 5 km;;Etat DCE polluants spécifiques au bassin versant;INPN 5 km EXP;01/01/1900;01/01/20210;value_str_full;;FALSE;;0;;1
Pression DCE : pollutions ponctuelles INPN 5 km;Pression DCE : pollutions ponctuelles, par maille INPN 5 km;;Pression DCE : pollutions ponctuelles;INPN 5 km EXP;01/01/1900;01/01/20210;value_str_full;;FALSE;;0;;1
Pression DCE : pollutions diffuses INPN 5 km;Pression DCE : pollutions diffuses, par maille INPN 5 km;;Pression DCE : pollutions diffuses;INPN 5 km EXP;01/01/1900;01/01/20210;value_str_full;;FALSE;;0;;1
Pression DCE : prélèvement en eau INPN 5 km;Pression DCE : prélèvement en eau, par maille INPN 5 km;;Pression DCE : prélèvement en eau;INPN 5 km EXP;01/01/1900;01/01/20210;value_str_full;;FALSE;;0;;1
Pression DCE : pression hydromorphologique INPN 5 km;Pression DCE : pression hydromorphologique, par maille INPN 5 km;;Pression DCE : pression hydromorphologique;INPN 5 km EXP;01/01/1900;01/01/20210;value_str_full;;FALSE;;0;;1
Pression DCE : autres pressions INPN 5 km;Pression DCE : autres pressions, par maille INPN 5 km;;Pression DCE : autres pressions;INPN 5 km EXP;01/01/1900;01/01/20210;value_str_full;;FALSE;;0;;1
Moyenne Nitrates sous secteurs hydro 1 km;Moyenne annuelle des mesures de Nitrates (Naïades) par sous secteur hydrographique Carthage à la maille INPN  1 km;;Moyenne Nitrates sous secteurs hydro;INPN 1 km EXP;01/01/1900;01/01/2025;plus_stats;md_prop;FALSE;;0;;1
Moyenne Nitrites sous secteurs hydro 1 km;Moyenne annuelle des mesures de Nitrites (Naïades) par sous secteur hydrographique Carthage à la maille INPN  1 km;;Moyenne Nitrites sous secteurs hydro;INPN 1 km EXP;01/01/1900;01/01/2025;plus_stats;md_prop;FALSE;;0;;1
Moyenne Phosphore total sous secteurs hydro 1 km;Moyenne annuelle des mesures de Phosphore total (Naïades) par sous secteur hydrographique Carthage à la maille INPN  1 km;;Moyenne Phosphore total sous secteurs hydro;INPN 1 km EXP;01/01/1900;01/01/2025;plus_stats;md_prop;FALSE;;0;;1
Moyenne Orthophosphates sous secteurs hydro 1 km;Moyenne annuelle des mesures de Orthophosphates (Naïades) par sous secteur hydrographique Carthage à la maille INPN  1 km;;Moyenne Orthophosphates sous secteurs hydro;INPN 1 km EXP;01/01/1900;01/01/2025;plus_stats;md_prop;FALSE;;0;;1
Moyenne Glyphosate sous secteurs hydro 1 km;Moyenne annuelle des mesures de Glyphosate (Naïades) par sous secteur hydrographique Carthage à la maille INPN  1 km;;Moyenne Glyphosate sous secteurs hydro;INPN 1 km EXP;01/01/1900;01/01/2025;plus_stats;md_prop;FALSE;;0;;1
Moyenne Azote global sous secteurs hydro 1 km;Moyenne annuelle des mesures de Azote global (Naïades) par sous secteur hydrographique Carthage à la maille INPN  1 km;;Moyenne Azote global sous secteurs hydro;INPN 1 km EXP;01/01/1900;01/01/2025;plus_stats;md_prop;FALSE;;0;;1
Maximum Nitrates sous secteurs hydro 1 km;Maximum annuel des mesures de Nitrates (Naïades) par sous secteur hydrographique Carthage à la maille INPN  1 km;;Maximum Nitrates sous secteurs hydro;INPN 1 km EXP;01/01/1900;01/01/2025;;val_max;FALSE;;0;;1
Maximum Nitrites sous secteurs hydro 1 km;Maximum annuel des mesures de Nitrites (Naïades) par sous secteur hydrographique Carthage à la maille INPN  1 km;;Maximum Nitrites sous secteurs hydro;INPN 1 km EXP;01/01/1900;01/01/2025;;val_max;FALSE;;0;;1
Maximum Phosphore total sous secteurs hydro 1 km;Maximum annuel des mesures de Phosphore total (Naïades) par sous secteur hydrographique Carthage à la maille INPN  1 km;;Maximum Phosphore total sous secteurs hydro;INPN 1 km EXP;01/01/1900;01/01/2025;;val_max;FALSE;;0;;1
Maximum Orthophosphates sous secteurs hydro 1 km;Maximum annuel des mesures de Orthophosphates (Naïades) par sous secteur hydrographique Carthage à la maille INPN  1 km;;Maximum Orthophosphates sous secteurs hydro;INPN 1 km EXP;01/01/1900;01/01/2025;;val_max;FALSE;;0;;1
Maximum Glyphosate sous secteurs hydro 1 km;Maximum annuel des mesures de Glyphosate (Naïades) par sous secteur hydrographique Carthage à la maille INPN  1 km;;Maximum Glyphosate sous secteurs hydro;INPN 1 km EXP;01/01/1900;01/01/2025;;val_max;FALSE;;0;;1
Maximum Azote global sous secteurs hydro 1 km;Maximum annuel des mesures de Azote global (Naïades) par sous secteur hydrographique Carthage à la maille INPN  1 km;;Maximum Azote global sous secteurs hydro;INPN 1 km EXP;01/01/1900;01/01/2025;;val_max;FALSE;;0;;1
Minimum Nitrates sous secteurs hydro 1 km;Minimum annuel des mesures de Nitrates (Naïades) par sous secteur hydrographique Carthage à la maille INPN  1 km;;Minimum Nitrates sous secteurs hydro;INPN 1 km EXP;01/01/1900;01/01/2025;;val_min;FALSE;;0;;1
Minimum Nitrites sous secteurs hydro 1 km;Minimum annuel des mesures de Nitrites (Naïades) par sous secteur hydrographique Carthage à la maille INPN  1 km;;Minimum Nitrites sous secteurs hydro;INPN 1 km EXP;01/01/1900;01/01/2025;;val_min;FALSE;;0;;1
Minimum Phosphore total sous secteurs hydro 1 km;Minimum annuel des mesures de Phosphore total (Naïades) par sous secteur hydrographique Carthage à la maille INPN  1 km;;Minimum Phosphore total sous secteurs hydro;INPN 1 km EXP;01/01/1900;01/01/2025;;val_min;FALSE;;0;;1
Minimum Orthophosphates sous secteurs hydro 1 km;Minimum annuel des mesures de Orthophosphates (Naïades) par sous secteur hydrographique Carthage à la maille INPN  1 km;;Minimum Orthophosphates sous secteurs hydro;INPN 1 km EXP;01/01/1900;01/01/2025;;val_min;FALSE;;0;;1
Minimum Glyphosate sous secteurs hydro 1 km;Minimum annuel des mesures de Glyphosate (Naïades) par sous secteur hydrographique Carthage à la maille INPN  1 km;;Minimum Glyphosate sous secteurs hydro;INPN 1 km EXP;01/01/1900;01/01/2025;;val_min;FALSE;;0;;1
Minimum Azote global sous secteurs hydro 1 km;Minimum annuel des mesures de Azote global (Naïades) par sous secteur hydrographique Carthage à la maille INPN  1 km;;Minimum Azote global sous secteurs hydro;INPN 1 km EXP;01/01/1900;01/01/2025;;val_min;FALSE;;0;;1
Nombre mesures Nitrates sous secteurs hydro 1 km;Nombre annuel de mesures de Nitrates (Naïades) par sous secteur hydrographique Carthage à la maille INPN  1 km;;Nombre mesures Nitrates sous secteurs hydro;INPN 1 km EXP;01/01/1900;01/01/2025;;val_sum;FALSE;;0;;1
Nombre mesures Nitrites sous secteurs hydro 1 km;Nombre annuel de mesures de Nitrites (Naïades) par sous secteur hydrographique Carthage à la maille INPN  1 km;;Nombre mesures Nitrites sous secteurs hydro;INPN 1 km EXP;01/01/1900;01/01/2025;;val_sum;FALSE;;0;;1
Nombre mesures Phosphore total sous secteurs hydro 1 km;Nombre annuel de mesures de Phosphore total (Naïades) par sous secteur hydrographique Carthage à la maille INPN  1 km;;Nombre mesures Phosphore total sous secteurs hydro;INPN 1 km EXP;01/01/1900;01/01/2025;;val_sum;FALSE;;0;;1
Nombre mesures Orthophosphates sous secteurs hydro 1 km;Nombre annuel de mesures de Orthophosphates (Naïades) par sous secteur hydrographique Carthage à la maille INPN  1 km;;Nombre mesures Orthophosphates sous secteurs hydro;INPN 1 km EXP;01/01/1900;01/01/2025;;val_sum;FALSE;;0;;1
Nombre mesures Glyphosate sous secteurs hydro 1 km;Nombre annuel de mesures de Glyphosate (Naïades) par sous secteur hydrographique Carthage à la maille INPN  1 km;;Nombre mesures Glyphosate sous secteurs hydro;INPN 1 km EXP;01/01/1900;01/01/2025;;val_sum;FALSE;;0;;1
Nombre mesures Azote global sous secteurs hydro 1 km;Nombre annuel de mesures de Azote global (Naïades) par sous secteur hydrographique Carthage à la maille INPN  1 km;;Nombre mesures Azote global sous secteurs hydro;INPN 1 km EXP;01/01/1900;01/01/2025;;val_sum;FALSE;;0;;1
Moyenne Nitrates sous secteurs hydro 5 km;Moyenne annuelle des mesures de Nitrates (Naïades) par sous secteur hydrographique Carthage à la maille INPN  5 km;;Moyenne Nitrates sous secteurs hydro;INPN 5 km EXP;01/01/1900;01/01/2025;;md_prop;FALSE;;0;;1
Moyenne Nitrites sous secteurs hydro 5 km;Moyenne annuelle des mesures de Nitrites (Naïades) par sous secteur hydrographique Carthage à la maille INPN  5 km;;Moyenne Nitrites sous secteurs hydro;INPN 5 km EXP;01/01/1900;01/01/2025;;md_prop;FALSE;;0;;1
Moyenne Phosphore total sous secteurs hydro 5 km;Moyenne annuelle des mesures de Phosphore total (Naïades) par sous secteur hydrographique Carthage à la maille INPN  5 km;;Moyenne Phosphore total sous secteurs hydro;INPN 5 km EXP;01/01/1900;01/01/2025;;md_prop;FALSE;;0;;1
Moyenne Orthophosphates sous secteurs hydro 5 km;Moyenne annuelle des mesures de Orthophosphates (Naïades) par sous secteur hydrographique Carthage à la maille INPN  5 km;;Moyenne Orthophosphates sous secteurs hydro;INPN 5 km EXP;01/01/1900;01/01/2025;;md_prop;FALSE;;0;;1
Moyenne Glyphosate sous secteurs hydro 5 km;Moyenne annuelle des mesures de Glyphosate (Naïades) par sous secteur hydrographique Carthage à la maille INPN  5 km;;Moyenne Glyphosate sous secteurs hydro;INPN 5 km EXP;01/01/1900;01/01/2025;;md_prop;FALSE;;0;;1
Moyenne Azote global sous secteurs hydro 5 km;Moyenne annuelle des mesures de Azote global (Naïades) par sous secteur hydrographique Carthage à la maille INPN  5 km;;Moyenne Azote global sous secteurs hydro;INPN 5 km EXP;01/01/1900;01/01/2025;;md_prop;FALSE;;0;;1
Maximum Nitrates sous secteurs hydro 5 km;Maximum annuel des mesures de Nitrates (Naïades) par sous secteur hydrographique Carthage à la maille INPN  5 km;;Maximum Nitrates sous secteurs hydro;INPN 5 km EXP;01/01/1900;01/01/2025;;val_max;FALSE;;0;;1
Maximum Nitrites sous secteurs hydro 5 km;Maximum annuel des mesures de Nitrites (Naïades) par sous secteur hydrographique Carthage à la maille INPN  5 km;;Maximum Nitrites sous secteurs hydro;INPN 5 km EXP;01/01/1900;01/01/2025;;val_max;FALSE;;0;;1
Maximum Phosphore total sous secteurs hydro 5 km;Maximum annuel des mesures de Phosphore total (Naïades) par sous secteur hydrographique Carthage à la maille INPN  5 km;;Maximum Phosphore total sous secteurs hydro;INPN 5 km EXP;01/01/1900;01/01/2025;;val_max;FALSE;;0;;1
Maximum Orthophosphates sous secteurs hydro 5 km;Maximum annuel des mesures de Orthophosphates (Naïades) par sous secteur hydrographique Carthage à la maille INPN  5 km;;Maximum Orthophosphates sous secteurs hydro;INPN 5 km EXP;01/01/1900;01/01/2025;;val_max;FALSE;;0;;1
Maximum Glyphosate sous secteurs hydro 5 km;Maximum annuel des mesures de Glyphosate (Naïades) par sous secteur hydrographique Carthage à la maille INPN  5 km;;Maximum Glyphosate sous secteurs hydro;INPN 5 km EXP;01/01/1900;01/01/2025;;val_max;FALSE;;0;;1
Maximum Azote global sous secteurs hydro 5 km;Maximum annuel des mesures de Azote global (Naïades) par sous secteur hydrographique Carthage à la maille INPN  5 km;;Maximum Azote global sous secteurs hydro;INPN 5 km EXP;01/01/1900;01/01/2025;;val_max;FALSE;;0;;1
Minimum Nitrates sous secteurs hydro 5 km;Minimum annuel des mesures de Nitrates (Naïades) par sous secteur hydrographique Carthage à la maille INPN  5 km;;Minimum Nitrates sous secteurs hydro;INPN 5 km EXP;01/01/1900;01/01/2025;;val_min;FALSE;;0;;1
Minimum Nitrites sous secteurs hydro 5 km;Minimum annuel des mesures de Nitrites (Naïades) par sous secteur hydrographique Carthage à la maille INPN  5 km;;Minimum Nitrites sous secteurs hydro;INPN 5 km EXP;01/01/1900;01/01/2025;;val_min;FALSE;;0;;1
Minimum Phosphore total sous secteurs hydro 5 km;Minimum annuel des mesures de Phosphore total (Naïades) par sous secteur hydrographique Carthage à la maille INPN  5 km;;Minimum Phosphore total sous secteurs hydro;INPN 5 km EXP;01/01/1900;01/01/2025;;val_min;FALSE;;0;;1
Minimum Orthophosphates sous secteurs hydro 5 km;Minimum annuel des mesures de Orthophosphates (Naïades) par sous secteur hydrographique Carthage à la maille INPN  5 km;;Minimum Orthophosphates sous secteurs hydro;INPN 5 km EXP;01/01/1900;01/01/2025;;val_min;FALSE;;0;;1
Minimum Glyphosate sous secteurs hydro 5 km;Minimum annuel des mesures de Glyphosate (Naïades) par sous secteur hydrographique Carthage à la maille INPN  5 km;;Minimum Glyphosate sous secteurs hydro;INPN 5 km EXP;01/01/1900;01/01/2025;;val_min;FALSE;;0;;1
Minimum Azote global sous secteurs hydro 5 km;Minimum annuel des mesures de Azote global (Naïades) par sous secteur hydrographique Carthage à la maille INPN  5 km;;Minimum Azote global sous secteurs hydro;INPN 5 km EXP;01/01/1900;01/01/2025;;val_min;FALSE;;0;;1
Nombre mesures Nitrates sous secteurs hydro 5 km;Nombre annuel de mesures de Nitrates (Naïades) par sous secteur hydrographique Carthage à la maille INPN  5 km;;Nombre mesures Nitrates sous secteurs hydro;INPN 5 km EXP;01/01/1900;01/01/2025;;val_sum;FALSE;;0;;1
Nombre mesures Nitrites sous secteurs hydro 5 km;Nombre annuel de mesures de Nitrites (Naïades) par sous secteur hydrographique Carthage à la maille INPN  5 km;;Nombre mesures Nitrites sous secteurs hydro;INPN 5 km EXP;01/01/1900;01/01/2025;;val_sum;FALSE;;0;;1
Nombre mesures Phosphore total sous secteurs hydro 5 km;Nombre annuel de mesures de Phosphore total (Naïades) par sous secteur hydrographique Carthage à la maille INPN  5 km;;Nombre mesures Phosphore total sous secteurs hydro;INPN 5 km EXP;01/01/1900;01/01/2025;;val_sum;FALSE;;0;;1
Nombre mesures Orthophosphates sous secteurs hydro 5 km;Nombre annuel de mesures de Orthophosphates (Naïades) par sous secteur hydrographique Carthage à la maille INPN  5 km;;Nombre mesures Orthophosphates sous secteurs hydro;INPN 5 km EXP;01/01/1900;01/01/2025;;val_sum;FALSE;;0;;1
Nombre mesures Glyphosate sous secteurs hydro 5 km;Nombre annuel de mesures de Glyphosate (Naïades) par sous secteur hydrographique Carthage à la maille INPN  5 km;;Nombre mesures Glyphosate sous secteurs hydro;INPN 5 km EXP;01/01/1900;01/01/2025;;val_sum;FALSE;;0;;1
Nombre mesures Azote global sous secteurs hydro 5 km;Nombre annuel de mesures de Azote global (Naïades) par sous secteur hydrographique Carthage à la maille INPN  5 km;;Nombre mesures Azote global sous secteurs hydro;INPN 5 km EXP;01/01/1900;01/01/2025;;val_sum;FALSE;;0;;1
Prc. MOS culture d'hiver INPN 1 km;Occupation des sols OSO, pourcentage de la cellule de 1 km² en culture d'hiver;;MOS OSO 2017;INPN 1 km EXP;01/01/1900;01/01/2025;;prop_surf;FALSE;;0;value_str='12';1
Prc. MOS culture d'été INPN 1 km;Occupation des sols OSO, pourcentage de la cellule de 1 km² en culture d'été;;MOS OSO 2017;INPN 1 km EXP;01/01/1900;01/01/2025;;prop_surf;FALSE;;0;value_str='11';1
Prc. MOS prairies INPN 1 km;Occupation des sols OSO, pourcentage de la cellule de 1 km² en prairies;;MOS OSO 2017;INPN 1 km EXP;01/01/1900;01/01/2025;;prop_surf;FALSE;;0;value_str='211';1
Prc. MOS vergers INPN 1 km;Occupation des sols OSO, pourcentage de la cellule de 1 km² en vergers;;MOS OSO 2017;INPN 1 km EXP;01/01/1900;01/01/2025;;prop_surf;FALSE;;0;value_str='221';1
Prc. MOS vignes INPN 1 km;Occupation des sols OSO, pourcentage de la cellule de 1 km² en vignes;;MOS OSO 2017;INPN 1 km EXP;01/01/1900;01/01/2025;;prop_surf;FALSE;;0;value_str='222';1
Prc. MOS forêts de feuillus INPN 1 km;Occupation des sols OSO, pourcentage de la cellule de 1 km² en forêts de feuillus;;MOS OSO 2017;INPN 1 km EXP;01/01/1900;01/01/2025;;prop_surf;FALSE;;0;value_str='31';1
Prc. MOS forêts de conifères INPN 1 km;Occupation des sols OSO, pourcentage de la cellule de 1 km² en forêts de conifères;;MOS OSO 2017;INPN 1 km EXP;01/01/1900;01/01/2025;;prop_surf;FALSE;;0;value_str='32';1
Prc. MOS landes INPN 1 km;Occupation des sols OSO, pourcentage de la cellule de 1 km² en landes;;MOS OSO 2017;INPN 1 km EXP;01/01/1900;01/01/2025;;prop_surf;FALSE;;0;value_str='36';1
Prc. MOS pelouses INPN 1 km;Occupation des sols OSO, pourcentage de la cellule de 1 km² en pelouses;;MOS OSO 2017;INPN 1 km EXP;01/01/1900;01/01/2025;;prop_surf;FALSE;;0;value_str='34';1
Prc. MOS surfaces minérales INPN 1 km;Occupation des sols OSO, pourcentage de la cellule de 1 km² en surfaces minérales;;MOS OSO 2017;INPN 1 km EXP;01/01/1900;01/01/2025;;prop_surf;FALSE;;0;value_str='45';1
Prc. MOS plages et dunes INPN 1 km;Occupation des sols OSO, pourcentage de la cellule de 1 km² en plages et dunes;;MOS OSO 2017;INPN 1 km EXP;01/01/1900;01/01/2025;;prop_surf;FALSE;;0;value_str='46';1
Prc. MOS urbain dense INPN 1 km;Occupation des sols OSO, pourcentage de la cellule de 1 km² en urbain dense;;MOS OSO 2017;INPN 1 km EXP;01/01/1900;01/01/2025;;prop_surf;FALSE;;0;value_str='41';1
Prc. MOS urbain diffus INPN 1 km;Occupation des sols OSO, pourcentage de la cellule de 1 km² en urbain diffus;;MOS OSO 2017;INPN 1 km EXP;01/01/1900;01/01/2025;;prop_surf;FALSE;;0;value_str='42';1
Prc. MOS routes INPN 1 km;Occupation des sols OSO, pourcentage de la cellule de 1 km² en routes;;MOS OSO 2017;INPN 1 km EXP;01/01/1900;01/01/2025;;prop_surf;FALSE;;0;value_str='44';1
Prc. MOS eau INPN 1 km;Occupation des sols OSO, pourcentage de la cellule de 1 km² en eau;;MOS OSO 2017;INPN 1 km EXP;01/01/1900;01/01/2025;;prop_surf;FALSE;;0;value_str='44';1
Prc. MOS glaciers INPN 1 km;Occupation des sols OSO, pourcentage de la cellule de 1 km² en glaciers;;MOS OSO 2017;INPN 1 km EXP;01/01/1900;01/01/2025;;prop_surf;FALSE;;0;value_str='51';1
Prc. MOS zones indstr. com. INPN 1 km;Occupation des sols OSO, pourcentage de la cellule de 1 km² en zones indstr. com.;;MOS OSO 2017;INPN 1 km EXP;01/01/1900;01/01/2025;;prop_surf;FALSE;;0;value_str='43';1
Quantité glyphosate BNVD 5k;Déclaration d'achat à la BNVD, substances phytosanitaires, depuis le code postal INPN 5 km INPN 5 km;;Achats BNVD substances;INPN 5 km EXP;01/01/1900;01/01/2025;;tot_dens;FALSE;;0;value_str='glyphosate';1
Quantité glyphosate BNVD 1k;Déclaration d'achat à la BNVD, substances phytosanitaires, depuis le code postal INPN 1 km INPN 1 km;;Achats BNVD substances;INPN 1 km EXP;01/01/1900;01/01/2025;;tot_dens;FALSE;;0;value_str='glyphosate';1
Quantité phytosanitaires BNVD 5k;Déclaration d'achat à la BNVD, substances phytosanitaires, depuis le code postal INPN 5 km INPN 5 km;;Total phytosanitaires à l'achat;INPN 5 km EXP;01/01/1900;01/01/2025;;tot_dens;FALSE;;0;;1
Quantité phytosanitaires BNVD 1k;Déclaration d'achat à la BNVD, substances phytosanitaires, depuis le code postal INPN 1 km INPN 1 km;;Total phytosanitaires à l'achat;INPN 1 km EXP;01/01/1900;01/01/2025;;tot_dens;FALSE;;0;;1
QA faible INPN 1 km;QA (débit réservé), moyenne, IRSTEA 2012 INPN 1 km;;QA faible;INPN 1 km EXP;01/01/1900;01/01/2025;value_full;md_prop;FALSE;;0;;1
QA moyen INPN 1 km;QA (débit réservé), seuil bas INPN 1 km;;QA moyen;INPN 1 km EXP;01/01/1900;01/01/2025;value_full;md_prop;FALSE;;0;;1
QA fort INPN 1 km;QA (débit réservé), seuil haut INPN 1 km;;QA fort;INPN 1 km EXP;01/01/1900;01/01/2025;value_full;md_prop;FALSE;;0;;1
Q5 faible INPN 1 km;QMNA5 (débit réservé jours), moyenne, IRSTEA 2012 INPN 1 km;;Q5 faible;INPN 1 km EXP;01/01/1900;01/01/2025;value_full;md_prop;FALSE;;0;;1
Q5 moyen INPN 1 km;QMNA5 (débit réservé jours), seuil bas INPN 1 km;;Q5 moyen;INPN 1 km EXP;01/01/1900;01/01/2025;value_full;md_prop;FALSE;;0;;1
Q5 fort INPN 1 km;QMNA5 (débit réservé jours), seuil haut INPN 1 km;;Q5 fort;INPN 1 km EXP;01/01/1900;01/01/2025;value_full;md_prop;FALSE;;0;;1
Prc. MOS forêts de feuillus INPN 1 km;Occupation des sols OSO, pourcentage de la cellule de 1 km² en forêts de feuillus;;MOS OSO 2017;INPN 1 km EXP;01/01/1900;01/01/2025;;prop_surf;FALSE;;0;value_str='31';1
Prc. MOS culture d'hiver INPN 1 km;Occupation des sols OSO, pourcentage de la cellule de 1 km² en culture d'hiver (zone d'expérimentation);;MOS OSO 2017;INPN 1 km EXP;01/01/1900;01/01/2025;;prop_surf;FALSE;;0;value_str='12';1
Prc. MOS culture d'été INPN 1 km;Occupation des sols OSO, pourcentage de la cellule de 1 km² en culture d'été (zone d'expérimentation);;MOS OSO 2017;INPN 1 km EXP;01/01/1900;01/01/2025;;prop_surf;FALSE;;0;value_str='11';1
Prc. MOS prairies INPN 1 km;Occupation des sols OSO, pourcentage de la cellule de 1 km² en prairies (zone d'expérimentation);;MOS OSO 2017;INPN 1 km EXP;01/01/1900;01/01/2025;;prop_surf;FALSE;;0;value_str='211';1
Prc. MOS vergers INPN 1 km;Occupation des sols OSO, pourcentage de la cellule de 1 km² en vergers (zone d'expérimentation);;MOS OSO 2017;INPN 1 km EXP;01/01/1900;01/01/2025;;prop_surf;FALSE;;0;value_str='221';1
Prc. MOS vignes INPN 1 km;Occupation des sols OSO, pourcentage de la cellule de 1 km² en vignes (zone d'expérimentation);;MOS OSO 2017;INPN 1 km EXP;01/01/1900;01/01/2025;;prop_surf;FALSE;;0;value_str='222';1
Prc. MOS forêts de conifères INPN 1 km;Occupation des sols OSO, pourcentage de la cellule de 1 km² en forêts de conifères (zone d'expérimentation);;MOS OSO 2017;INPN 1 km EXP;01/01/1900;01/01/2025;;prop_surf;FALSE;;0;value_str='32';1
Prc. MOS landes INPN 1 km;Occupation des sols OSO, pourcentage de la cellule de 1 km² en landes (zone d'expérimentation);;MOS OSO 2017;INPN 1 km EXP;01/01/1900;01/01/2025;;prop_surf;FALSE;;0;value_str='36';1
Prc. MOS pelouses INPN 1 km;Occupation des sols OSO, pourcentage de la cellule de 1 km² en pelouses (zone d'expérimentation);;MOS OSO 2017;INPN 1 km EXP;01/01/1900;01/01/2025;;prop_surf;FALSE;;0;value_str='34';1
Prc. MOS surfaces minérales INPN 1 km;Occupation des sols OSO, pourcentage de la cellule de 1 km² en surfaces minérales (zone d'expérimentation);;MOS OSO 2017;INPN 1 km EXP;01/01/1900;01/01/2025;;prop_surf;FALSE;;0;value_str='45';1
Prc. MOS plages et dunes INPN 1 km;Occupation des sols OSO, pourcentage de la cellule de 1 km² en plages et dunes (zone d'expérimentation);;MOS OSO 2017;INPN 1 km EXP;01/01/1900;01/01/2025;;prop_surf;FALSE;;0;value_str='46';1
Prc. MOS urbain dense INPN 1 km;Occupation des sols OSO, pourcentage de la cellule de 1 km² en urbain dense (zone d'expérimentation);;MOS OSO 2017;INPN 1 km EXP;01/01/1900;01/01/2025;;prop_surf;FALSE;;0;value_str='41';1
Prc. MOS urbain diffus INPN 1 km;Occupation des sols OSO, pourcentage de la cellule de 1 km² en urbain diffus (zone d'expérimentation);;MOS OSO 2017;INPN 1 km EXP;01/01/1900;01/01/2025;;prop_surf;FALSE;;0;value_str='42';1
Prc. MOS routes INPN 1 km;Occupation des sols OSO, pourcentage de la cellule de 1 km² en routes (zone d'expérimentation);;MOS OSO 2017;INPN 1 km EXP;01/01/1900;01/01/2025;;prop_surf;FALSE;;0;value_str='44';1
Prc. MOS eau INPN 1 km;Occupation des sols OSO, pourcentage de la cellule de 1 km² en eau (zone d'expérimentation);;MOS OSO 2017;INPN 1 km EXP;01/01/1900;01/01/2025;;prop_surf;FALSE;;0;value_str='44';1
Prc. MOS glaciers INPN 1 km;Occupation des sols OSO, pourcentage de la cellule de 1 km² en glaciers (zone d'expérimentation);;MOS OSO 2017;INPN 1 km EXP;01/01/1900;01/01/2025;;prop_surf;FALSE;;0;value_str='51';1
Prc. MOS zones indstr. com. INPN 1 km;Occupation des sols OSO, pourcentage de la cellule de 1 km² en zones indstr. com. (zone d'expérimentation);;MOS OSO 2017;INPN 1 km EXP;01/01/1900;01/01/2025;;prop_surf;FALSE;;0;value_str='43';1
Zones humides potentielles INRAE, grille 1 km;Enveloppe des zones humides potentielles, INRAE 2016 (zone d'expérimentation);;Zones humides potentielles INRAE;INPN 1 km EXP;01/01/1900;01/01/2025;;prop_surf;FALSE;;0;;1
Population communale, maille de 1 km;Population communale réf. ADMIN EXPRESS 2022, maille INPN 1 km  (zone d'expérimentation);;Population communale;INPN 1 km EXP;01/01/1900;01/01/2025;;tot_dens;FALSE;;0;;1
Tourisme à la commune, maille 1 km;Capacité d'accueil en nuitée, à la commune, INSEE 2017, maille INPN 1 km  (zone d'expérimentation);;Tourisme à la commune;INPN 1 km EXP;01/01/1900;01/01/2025;;tot_dens;FALSE;;0;;1
Prc. MOS CLC : zu et zi;Occupation des sols CLC : zones urbaines et industrielles (zone d'expérimentation);;MOS CLC;INPN 1 km EXP;01/01/1900;01/01/2025;;prop_surf;FALSE;;0;value_str='1';1
Prc. MOS CLC : agriculture;Occupation des sols CLC : zones agricoles (zone d'expérimentation);;MOS CLC;INPN 1 km EXP;01/01/1900;01/01/2025;;prop_surf;FALSE;;0;value_str='2';1
Prc. MOS CLC : forêts, prairies;Occupation des sols CLC : forêts et prairies (zone d'expérimentation);;MOS CLC;INPN 1 km EXP;01/01/1900;01/01/2025;;prop_surf;FALSE;;0;value_str='3';1
Prc. MOS CLC : eau et zh;Occupation des sols CLC : zones en eau ou humides (zone d'expérimentation);;MOS CLC;INPN 1 km EXP;01/01/1900;01/01/2025;;prop_surf;FALSE;;0;(value_str='4' or value_str='5');1
Couverture végétale modèle HugoSengès RPG 1 km;Couverture végétale dominante (hauteur végétation CIPAN) suivant maille 1 km;;Couverture végétale modèle HugoSengès RPG;INPN 1 km EXP;01/01/1900;01/01/2025;value_str_mode_inter;;FALSE;;0;;1
Etiages par sous secteur hydro et par mois : assecs - proportions (1 km INPN);Proportion des observations des étiages par sous secteur hydro et par mois : assecs INPN 1 km;;Etiages par sous secteur hydro et par mois : assecs - proportions;INPN 1 km EXP;01/01/1900;01/01/2025;;md_prop;FALSE;;0;;1
Etiages par sous secteur hydro et par mois : écoulements non visibles - proportions (1 km INPN);Proportion des observations des étiages par sous secteur hydro et par mois : écoulements non visibles INPN 1 km;;Etiages par sous secteur hydro et par mois : écoulements non visibles - proportions;INPN 1 km EXP;01/01/1900;01/01/2025;;md_prop;FALSE;;0;;1
Etiages par sous secteur hydro et par mois : écoulements faibles - proportions (1 km INPN);Proportion des observations des étiages par sous secteur hydro et par mois : écoulements visibles faibles INPN 1 km;;Etiages par sous secteur hydro et par mois : écoulements faibles - proportions;INPN 1 km EXP;01/01/1900;01/01/2025;;md_prop;FALSE;;0;;1
Etiages par sous secteur hydro et par mois : écoumements visibles acceptables - proportions (1 km INPN);Proportion des observations des étiages par sous secteur hydro et par mois : écoulements visibles acceptables INPN 1 km;;Etiages par sous secteur hydro et par mois : écoulements visibles acceptables - proportions;INPN 1 km EXP;01/01/1900;01/01/2025;;md_prop;FALSE;;0;;1
Etiages par sous secteur hydro et par mois : écoulements visibles - proportions (1 km INPN);Proportion des observations des étiages par sous secteur hydro et par mois : écoulements visibles INPN 1 km;;Etiages par sous secteur hydro et par mois : écoulements visibles - proportions;INPN 1 km EXP;01/01/1900;01/01/2025;;md_prop;FALSE;;0;;1
Etiages par sous secteur hydro et par mois : observations impossibles - proportions (1 km INPN);Proportion des observations des étiages par sous secteur hydro et par mois : observations impossibles INPN 1 km;;Etiages par sous secteur hydro et par mois : observations impossibles - proportions;INPN 1 km EXP;01/01/1900;01/01/2025;;md_prop;FALSE;;0;;1
Etiages par sous secteur hydro et par mois : assecs - proportions (5 km INPN);Proportion des observations des étiages par sous secteur hydro et par mois : assecs INPN 5 km;;Etiages par sous secteur hydro et par mois : assecs - proportions;INPN 5 km EXP;01/01/1900;01/01/2025;;md_prop;FALSE;;0;;1
Etiages par sous secteur hydro et par mois : écoulements non visibles - proportions (5 km INPN);Proportion des observations des étiages par sous secteur hydro et par mois : écoulements non visibles INPN 5 km;;Etiages par sous secteur hydro et par mois : écoulements non visibles - proportions;INPN 5 km EXP;01/01/1900;01/01/2025;;md_prop;FALSE;;0;;1
Etiages par sous secteur hydro et par mois : écoulements faibles - proportions (5 km INPN);Proportion des observations des étiages par sous secteur hydro et par mois : écoulements visibles faibles INPN 5 km;;Etiages par sous secteur hydro et par mois : écoulements faibles - proportions;INPN 5 km EXP;01/01/1900;01/01/2025;;md_prop;FALSE;;0;;1
Etiages par sous secteur hydro et par mois : écoumements visibles acceptables - proportions (5 km INPN);Proportion des observations des étiages par sous secteur hydro et par mois : écoulements visibles acceptables INPN 5 km;;Etiages par sous secteur hydro et par mois : écoulements visibles acceptables - proportions;INPN 5 km EXP;01/01/1900;01/01/2025;;md_prop;FALSE;;0;;1
Etiages par sous secteur hydro et par mois : écoulements visibles - proportions (5 km INPN);Proportion des observations des étiages par sous secteur hydro et par mois : écoulements visibles INPN 5 km;;Etiages par sous secteur hydro et par mois : écoulements visibles - proportions;INPN 5 km EXP;01/01/1900;01/01/2025;;md_prop;FALSE;;0;;1
Etiages par sous secteur hydro et par mois : observations impossibles - proportions (5 km INPN);Proportion des observations des étiages par sous secteur hydro et par mois : observations impossibles INPN 5 km;;Etiages par sous secteur hydro et par mois : observations impossibles - proportions;INPN 5 km EXP;01/01/1900;01/01/2025;;md_prop;FALSE;;0;;1
Densité obstacles à l'écoulement, 1 km;Densité des obstacles du ROE validé et non détruits, par km de cours d'eau, découpage zone hydro CARTHAGE, grille 1 km INPN;;Densité obstacles à l'écoulement;INPN 1 km EXP;01/02/2022;01/02/2022;value_full;md_prop;FALSE;;0;;1
Densité obstacles à l'écoulement, 5 km;Densité des obstacles du ROE validé et non détruits, par km de cours d'eau, découpage zone hydro CARTHAGE, grille 5 km INPN;;Densité obstacles à l'écoulement;INPN 5 km EXP;01/02/2022;01/02/2022;value_full;md_prop;FALSE;;0;;1
Pourcentage occupation RPG BLE TENDRE INPN 5 km;Pourcentage d'occupation de la grille INPN 5 km par les parcelles du groupe de culture RPG : BLE TENDRE;;RPG groupe de culture déclaré;INPN 5 km EXP;01/01/1900;01/01/20210;;prop_surf;FALSE;;0;value_str ='1';1
Pourcentage occupation RPG MAIS GRAIN ET ENSILAGE INPN 5 km;Pourcentage d'occupation de la grille INPN 5 km par les parcelles du groupe de culture RPG : MAIS GRAIN ET ENSILAGE;;RPG groupe de culture déclaré;INPN 5 km EXP;01/01/1900;01/01/20210;;prop_surf;FALSE;;0;value_str ='2';1
Pourcentage occupation RPG ORGE INPN 5 km;Pourcentage d'occupation de la grille INPN 5 km par les parcelles du groupe de culture RPG : ORGE;;RPG groupe de culture déclaré;INPN 5 km EXP;01/01/1900;01/01/20210;;prop_surf;FALSE;;0;value_str ='3';1
Pourcentage occupation RPG AUTRES CEREALES INPN 5 km;Pourcentage d'occupation de la grille INPN 5 km par les parcelles du groupe de culture RPG : AUTRES CEREALES;;RPG groupe de culture déclaré;INPN 5 km EXP;01/01/1900;01/01/20210;;prop_surf;FALSE;;0;value_str ='4';1
Pourcentage occupation RPG COLZA INPN 5 km;Pourcentage d'occupation de la grille INPN 5 km par les parcelles du groupe de culture RPG : COLZA;;RPG groupe de culture déclaré;INPN 5 km EXP;01/01/1900;01/01/20210;;prop_surf;FALSE;;0;value_str ='5';1
Pourcentage occupation RPG TOURNESOL INPN 5 km;Pourcentage d'occupation de la grille INPN 5 km par les parcelles du groupe de culture RPG : TOURNESOL;;RPG groupe de culture déclaré;INPN 5 km EXP;01/01/1900;01/01/20210;;prop_surf;FALSE;;0;value_str ='6';1
Pourcentage occupation RPG AUTRES OLEAGINEUX INPN 5 km;Pourcentage d'occupation de la grille INPN 5 km par les parcelles du groupe de culture RPG : AUTRES OLEAGINEUX;;RPG groupe de culture déclaré;INPN 5 km EXP;01/01/1900;01/01/20210;;prop_surf;FALSE;;0;value_str ='7';1
Pourcentage occupation RPG PROTEAGINEUX INPN 5 km;Pourcentage d'occupation de la grille INPN 5 km par les parcelles du groupe de culture RPG : PROTEAGINEUX;;RPG groupe de culture déclaré;INPN 5 km EXP;01/01/1900;01/01/20210;;prop_surf;FALSE;;0;value_str ='8';1
Pourcentage occupation RPG PLANTES A FIBRES INPN 5 km;Pourcentage d'occupation de la grille INPN 5 km par les parcelles du groupe de culture RPG : PLANTES A FIBRES;;RPG groupe de culture déclaré;INPN 5 km EXP;01/01/1900;01/01/20210;;prop_surf;FALSE;;0;value_str ='9';1
Pourcentage occupation RPG SEMENCES INPN 5 km;Pourcentage d'occupation de la grille INPN 5 km par les parcelles du groupe de culture RPG : SEMENCES;;RPG groupe de culture déclaré;INPN 5 km EXP;01/01/1900;01/01/20210;;prop_surf;FALSE;;0;value_str ='10';1
Pourcentage occupation RPG GEL (surfaces gelées sans production) INPN 5 km;Pourcentage d'occupation de la grille INPN 5 km par les parcelles du groupe de culture RPG : GEL (surfaces gelées sans production);;RPG groupe de culture déclaré;INPN 5 km EXP;01/01/1900;01/01/20210;;prop_surf;FALSE;;0;value_str ='11';1
Pourcentage occupation RPG GEL INDUSTRIEL INPN 5 km;Pourcentage d'occupation de la grille INPN 5 km par les parcelles du groupe de culture RPG : GEL INDUSTRIEL;;RPG groupe de culture déclaré;INPN 5 km EXP;01/01/1900;01/01/20210;;prop_surf;FALSE;;0;value_str ='12';1
Pourcentage occupation RPG AUTRES GELS INPN 5 km;Pourcentage d'occupation de la grille INPN 5 km par les parcelles du groupe de culture RPG : AUTRES GELS;;RPG groupe de culture déclaré;INPN 5 km EXP;01/01/1900;01/01/20210;;prop_surf;FALSE;;0;value_str ='13';1
Pourcentage occupation RPG RIZ INPN 5 km;Pourcentage d'occupation de la grille INPN 5 km par les parcelles du groupe de culture RPG : RIZ;;RPG groupe de culture déclaré;INPN 5 km EXP;01/01/1900;01/01/20210;;prop_surf;FALSE;;0;value_str ='14';1
Pourcentage occupation RPG LEGUMINEUSES A GRAIN INPN 5 km;Pourcentage d'occupation de la grille INPN 5 km par les parcelles du groupe de culture RPG : LEGUMINEUSES A GRAIN;;RPG groupe de culture déclaré;INPN 5 km EXP;01/01/1900;01/01/20210;;prop_surf;FALSE;;0;value_str ='15';1
Pourcentage occupation RPG FOURRAGE INPN 5 km;Pourcentage d'occupation de la grille INPN 5 km par les parcelles du groupe de culture RPG : FOURRAGE;;RPG groupe de culture déclaré;INPN 5 km EXP;01/01/1900;01/01/20210;;prop_surf;FALSE;;0;value_str ='16';1
Pourcentage occupation RPG ESTIVES LANDES INPN 5 km;Pourcentage d'occupation de la grille INPN 5 km par les parcelles du groupe de culture RPG : ESTIVES LANDES;;RPG groupe de culture déclaré;INPN 5 km EXP;01/01/1900;01/01/20210;;prop_surf;FALSE;;0;value_str ='17';1
Pourcentage occupation RPG PRAIRIES TEMPORAIRES INPN 5 km;Pourcentage d'occupation de la grille INPN 5 km par les parcelles du groupe de culture RPG : PRAIRIES TEMPORAIRES;;RPG groupe de culture déclaré;INPN 5 km EXP;01/01/1900;01/01/20210;;prop_surf;FALSE;;0;value_str ='19';1
Pourcentage occupation RPG VERGERS INPN 5 km;Pourcentage d'occupation de la grille INPN 5 km par les parcelles du groupe de culture RPG : VERGERS;;RPG groupe de culture déclaré;INPN 5 km EXP;01/01/1900;01/01/20210;;prop_surf;FALSE;;0;value_str ='20';1
Pourcentage occupation RPG VIGNES INPN 5 km;Pourcentage d'occupation de la grille INPN 5 km par les parcelles du groupe de culture RPG : VIGNES;;RPG groupe de culture déclaré;INPN 5 km EXP;01/01/1900;01/01/20210;;prop_surf;FALSE;;0;value_str ='21';1
Pourcentage occupation RPG FRUITS A COQUES INPN 5 km;Pourcentage d'occupation de la grille INPN 5 km par les parcelles du groupe de culture RPG : FRUITS A COQUES;;RPG groupe de culture déclaré;INPN 5 km EXP;01/01/1900;01/01/20210;;prop_surf;FALSE;;0;value_str ='22';1
Pourcentage occupation RPG OLIVIERS INPN 5 km;Pourcentage d'occupation de la grille INPN 5 km par les parcelles du groupe de culture RPG : OLIVIERS;;RPG groupe de culture déclaré;INPN 5 km EXP;01/01/1900;01/01/20210;;prop_surf;FALSE;;0;value_str ='23';1
Pourcentage occupation RPG AUTRES CULTURES INDUSTRIELLES INPN 5 km;Pourcentage d'occupation de la grille INPN 5 km par les parcelles du groupe de culture RPG : AUTRES CULTURES INDUSTRIELLES;;RPG groupe de culture déclaré;INPN 5 km EXP;01/01/1900;01/01/20210;;prop_surf;FALSE;;0;value_str ='24';1
Pourcentage occupation RPG LEGUMES-FLEURS INPN 5 km;Pourcentage d'occupation de la grille INPN 5 km par les parcelles du groupe de culture RPG : LEGUMES-FLEURS;;RPG groupe de culture déclaré;INPN 5 km EXP;01/01/1900;01/01/20210;;prop_surf;FALSE;;0;value_str ='25';1
Pourcentage occupation RPG CANNE A SUCRE INPN 5 km;Pourcentage d'occupation de la grille INPN 5 km par les parcelles du groupe de culture RPG : CANNE A SUCRE;;RPG groupe de culture déclaré;INPN 5 km EXP;01/01/1900;01/01/20210;;prop_surf;FALSE;;0;value_str ='26';1
Pourcentage occupation RPG ARBORICULTURE INPN 5 km;Pourcentage d'occupation de la grille INPN 5 km par les parcelles du groupe de culture RPG : ARBORICULTURE;;RPG groupe de culture déclaré;INPN 5 km EXP;01/01/1900;01/01/20210;;prop_surf;FALSE;;0;value_str ='27';1
Pourcentage occupation RPG DIVERS INPN 5 km;Pourcentage d'occupation de la grille INPN 5 km par les parcelles du groupe de culture RPG : DIVERS;;RPG groupe de culture déclaré;INPN 5 km EXP;01/01/1900;01/01/20210;;prop_surf;FALSE;;0;value_str ='28';1
Prc. MOS culture d'hiver INPN 5 km;Occupation des sols OSO, pourcentage de la cellule de 5 km² en culture d'hiver;;MOS OSO 2017;INPN 5 km EXP;01/01/1900;01/01/2025;;prop_surf;FALSE;;0;value_str='12';1
Prc. MOS culture d'été INPN 5 km;Occupation des sols OSO, pourcentage de la cellule de 5 km² en culture d'été;;MOS OSO 2017;INPN 5 km EXP;01/01/1900;01/01/2025;;prop_surf;FALSE;;0;value_str='11';1
Prc. MOS prairies INPN 5 km;Occupation des sols OSO, pourcentage de la cellule de 5 km² en prairies;;MOS OSO 2017;INPN 5 km EXP;01/01/1900;01/01/2025;;prop_surf;FALSE;;0;value_str='211';1
Prc. MOS vergers INPN 5 km;Occupation des sols OSO, pourcentage de la cellule de 5 km² en vergers;;MOS OSO 2017;INPN 5 km EXP;01/01/1900;01/01/2025;;prop_surf;FALSE;;0;value_str='221';1
Prc. MOS vignes INPN 5 km;Occupation des sols OSO, pourcentage de la cellule de 5 km² en vignes;;MOS OSO 2017;INPN 5 km EXP;01/01/1900;01/01/2025;;prop_surf;FALSE;;0;value_str='222';1
Prc. MOS forêts de feuillus INPN 5 km;Occupation des sols OSO, pourcentage de la cellule de 5 km² en forêts de feuillus;;MOS OSO 2017;INPN 5 km EXP;01/01/1900;01/01/2025;;prop_surf;FALSE;;0;value_str='31';1
Prc. MOS forêts de conifères INPN 5 km;Occupation des sols OSO, pourcentage de la cellule de 5 km² en forêts de conifères;;MOS OSO 2017;INPN 5 km EXP;01/01/1900;01/01/2025;;prop_surf;FALSE;;0;value_str='32';1
Prc. MOS landes INPN 5 km;Occupation des sols OSO, pourcentage de la cellule de 5 km² en landes;;MOS OSO 2017;INPN 5 km EXP;01/01/1900;01/01/2025;;prop_surf;FALSE;;0;value_str='36';1
Prc. MOS pelouses INPN 5 km;Occupation des sols OSO, pourcentage de la cellule de 5 km² en pelouses;;MOS OSO 2017;INPN 5 km EXP;01/01/1900;01/01/2025;;prop_surf;FALSE;;0;value_str='34';1
Prc. MOS surfaces minérales INPN 5 km;Occupation des sols OSO, pourcentage de la cellule de 5 km² en surfaces minérales;;MOS OSO 2017;INPN 5 km EXP;01/01/1900;01/01/2025;;prop_surf;FALSE;;0;value_str='45';1
Prc. MOS plages et dunes INPN 5 km;Occupation des sols OSO, pourcentage de la cellule de 5 km² en plages et dunes;;MOS OSO 2017;INPN 5 km EXP;01/01/1900;01/01/2025;;prop_surf;FALSE;;0;value_str='46';1
Prc. MOS urbain dense INPN 5 km;Occupation des sols OSO, pourcentage de la cellule de 5 km² en urbain dense;;MOS OSO 2017;INPN 5 km EXP;01/01/1900;01/01/2025;;prop_surf;FALSE;;0;value_str='41';1
Prc. MOS urbain diffus INPN 5 km;Occupation des sols OSO, pourcentage de la cellule de 5 km² en urbain diffus;;MOS OSO 2017;INPN 5 km EXP;01/01/1900;01/01/2025;;prop_surf;FALSE;;0;value_str='42';1
Prc. MOS routes INPN 5 km;Occupation des sols OSO, pourcentage de la cellule de 5 km² en routes;;MOS OSO 2017;INPN 5 km EXP;01/01/1900;01/01/2025;;prop_surf;FALSE;;0;value_str='44';1
Prc. MOS eau INPN 5 km;Occupation des sols OSO, pourcentage de la cellule de 5 km² en eau;;MOS OSO 2017;INPN 5 km EXP;01/01/1900;01/01/2025;;prop_surf;FALSE;;0;value_str='44';1
Prc. MOS glaciers INPN 5 km;Occupation des sols OSO, pourcentage de la cellule de 5 km² en glaciers;;MOS OSO 2017;INPN 5 km EXP;01/01/1900;01/01/2025;;prop_surf;FALSE;;0;value_str='51';1
Prc. MOS zones indstr. com. INPN 5 km;Occupation des sols OSO, pourcentage de la cellule de 5 km² en zones indstr. com.;;MOS OSO 2017;INPN 5 km EXP;01/01/1900;01/01/2025;;prop_surf;FALSE;;0;value_str='43';1
QA faible INPN 5 km;QA (débit réservé), moyenne, IRSTEA 2012 INPN 5 km;;QA faible;INPN 5 km EXP;01/01/1900;01/01/2025;value_full;md_prop;FALSE;;0;;1
QA moyen INPN 5 km;QA (débit réservé), seuil bas INPN 5 km;;QA moyen;INPN 5 km EXP;01/01/1900;01/01/2025;value_full;md_prop;FALSE;;0;;1
QA fort INPN 5 km;QA (débit réservé), seuil haut INPN 5 km;;QA fort;INPN 5 km EXP;01/01/1900;01/01/2025;value_full;md_prop;FALSE;;0;;1
Q5 faible INPN 5 km;QMNA5 (débit réservé jours), moyenne, IRSTEA 2012 INPN 5 km;;Q5 faible;INPN 5 km EXP;01/01/1900;01/01/2025;value_full;md_prop;FALSE;;0;;1
Q5 moyen INPN 5 km;QMNA5 (débit réservé jours), seuil bas INPN 5 km;;Q5 moyen;INPN 5 km EXP;01/01/1900;01/01/2025;value_full;md_prop;FALSE;;0;;1
Q5 fort INPN 5 km;QMNA5 (débit réservé jours), seuil haut INPN 5 km;;Q5 fort;INPN 5 km EXP;01/01/1900;01/01/2025;value_full;md_prop;FALSE;;0;;1
Nombre de rejets polluants, 1 kmx 1 km;Nombre de rejets polluants, 1 kmx 1 km, selon BDREP;;Points de rejet;INPN 1 km EXP;;;;ct_elt;FALSE;;0;;0
Volume de rejets polluants, en kilogrammes 1 kmx 1 km;Volume de rejets polluants, en kilogrammes 1 kmx 1 km, selon BDREP - somme des rejets repérés sur la maille;;Points de rejet;INPN 1 km EXP;;;;val_sum;FALSE;;0;;0
Surfaces du réseau hydrologique;Surface en eau, selon surfaces du réseau hydrologique BD TOPO IGN, en m², sur la maille 1 km;;Surfaces en eau;INPN 1 km EXP;;;;intersect;FALSE;;0;;0
Longueur de cours d'eau BCAE, 1 km x 1 km;Longueur de cours d'eau BCAE, 1 km x 1 km - Bonnes conditions agri-écologiques dont bandes ennherbées, source DDT avant consolidation SiEau, en km;;Cours d'eau BCAE;INPN 1 km EXP;;;;intersect/1000;FALSE;;0;;0
Longueur de cours d'eau Liste 1, 1 km x 1 km;"Longueur de cours d'eau réglementés Police de l'Eau dits ""liste 1"", 1 km x 1 km - Circulaire 2015, source DDT avant consolidation SiEau, en km";;Cours d'eau Liste 1;INPN 1 km EXP;;;;intersect/1000;FALSE;;0;;0
Longueur de cours d'eau Liste 2, 1 km x 1 km;"Longueur de cours d'eau réglementés Police de l'Eau dits ""liste 2"", 1 km x 1 km - Circulaire 2015, source DDT avant consolidation SiEau, en km";;Cours d'eau Liste 2;INPN 1 km EXP;;;;intersect/1000;FALSE;;0;;0
Longueur de cours d'eau Liste 1 & 2, 1 km x 1 km;"Longueur de cours d'eau réglementés Police de l'Eau dits ""liste 1"" et ""liste 2"" confondus, 1 km x 1 km - Circulaire 2015, source DDT avant consolidation SiEau, en km";;Cours d'eau Liste 1 et Liste 2;INPN 1 km EXP;;;;intersect/1000;FALSE;;0;;0
Longueurs de haies, 1 km x 1 km;Longueur de haies inventoriées sur la maille 1 km, selon BD TOPO IGN, en km;;Linéaires de haies;INPN 1 km EXP;;;;intersect/1000;FALSE;;0;;0
Longueurs de cours d'eau, 1 km x 1 km;Longueur de cours d'eau inventoriés sur la maille 1 km, selon BD TOPO IGN, en km;;Cours d'eau;INPN 1 km EXP;;;;intersect/1000;FALSE;;0;;0
Surface en plans d'eau inventoriées;Surface en plans d'eau, selon surfaces du réseau hydrologique BD TOPO IGN, en m², sur la maille 1 km;;Plans d'eau;INPN 1 km EXP;;;;intersect;FALSE;;0;;0
Surface des réservoirs en eau inventoriés;Surface des réservoirs en eau, selon surfaces du réseau hydrologique BD TOPO IGN, en m², sur la maille 1 km;;Réservoirs d'eau;INPN 1 km EXP;;;;intersect;FALSE;;0;;0
Surface d'épandage proche du bâti;"Surface agricole en ""grande culture"" (selon RPG), à moins de 25 m du bâti (IGN BD TOPO 2019) - interdiction épandage arrêté 2020; En m² pour la maille concernée de 1 km x 1 km.";;Epandage bâti 25m;INPN 1 km EXP;;;;intersect;FALSE;;0;;0
Aires d'alimentation de captage (surface);Surface en m² sur la maille de 1 km  x 1 km, en aire d'alimentation de captage (OIEau 2019);;Aires alimentation captage;INPN 1 km EXP;;;;intersect;FALSE;;0;;0
RNAOE max.;Valeur la plus déclassante du risque de non atteinte du bon état environnemental, 2013, sur la maille 1 km x 1 km;;RNAOE;INPN 1 km EXP;;;value_str_full;;FALSE;;0;;0
RNAOE chimie max.;Valeur la plus déclassante du risque de non atteinte du bon état environnemental, 2013 - paramètres chimiques DCE, sur la maille 1 km x 1 km;;RNAOE chimie;INPN 1 km EXP;;;value_str_full;;FALSE;;0;;0
RNAOE écologie max.;Valeur la plus déclassante du risque de non atteinte du bon état environnemental, 2013 - paramètres écologiques (biologiques et polluants spécifiques) DCE, sur la maille 1 km x 1 km;;RNAOE écologie;INPN 1 km EXP;;;value_str_full;;FALSE;;0;;0
Surface en réservoirs biologiques;Surface en m² sur la maille de 1 km  x 1 km, faisant l'objet d'un intérêt écologique particulier (Réservoirs biologiques INPN 2021);;Réservoirs biologiques;INPN 1 km EXP;;;;intersect;FALSE;;0;;0
Surface en zones humides potentielles;Surface en m² sur la maille de 1 km  x 1 km, en zonne humide potentielle (modèle INRAE 2017);;Zones humides potentielles INRAE;INPN 1 km EXP;;;;intersect;FALSE;;0;;0
Surface en pente sup. 10 %;Surface en m² sur la maille de 1 km  x 1 km, dont la pente est supérieur ou égale à 10 % (BD ALTI IGN 25 m, calcul OFB 2017);;Pentes 10 pourcent;INPN 1 km EXP;;;;intersect;FALSE;;0;;0
Nombre de plans d'eau inventoriées;Nombre de plans d'eau, selon BD TOPO IGN, en m², sur la maille 1 km;;Plans d'eau;INPN 1 km EXP;;;;ct_elt;FALSE;;0;;0
Nombre de réservoirs en eau inventoriés;Nombre de réservoirs en eau, selon Nombres du réseau hydrologique BD TOPO IGN, en m², sur la maille 1 km;;Réservoirs d'eau;INPN 1 km EXP;;;;ct_elt;FALSE;;0;;0
Nombre de parcelles d'épandage proche du bâti;"Nombre de parcelles agricole en ""grande culture"" (selon RPG), à moins de 25 m du bâti (IGN BD TOPO 2019) - interdiction épandage arrêté 2020; En m² pour la maille concernée de 1 km x 1 km.";;Epandage bâti 25m;INPN 1 km EXP;;;;ct_elt;FALSE;;0;;0
Fracturation de la pente sup. 10 %;Nombre d'élément sur la maille de 1 km  x 1 km, dont la pente est supérieur ou égale à 10 % (BD ALTI IGN 25 m, calcul OFB 2017) - donne une idée de la fracturation (plusieurs territoires ou une pente générale);;Pentes 10 pourcent;INPN 1 km EXP;;;;ct_elt;FALSE;;0;;0
Exploitations agricoles ayant leur siège dans la commune selon RGA, 1 km;Exploitations agricoles ayant leur siège dans la commune selon RGA, sur la maille de 1 km x 1 km;;Exploitations agricoles ayant leur siège dans la commune;INPN 1 km EXP;;;;tot_dens;FALSE;;0;;0
Travail dans les exploitations agricoles en unité de travail annuel selon RGA, 1 km;Travail dans les exploitations agricoles en unité de travail annuel selon RGA, sur la maille de 1 km x 1 km;;Travail dans les exploitations agricoles en unité de travail annuel;INPN 1 km EXP;;;;tot_dens;FALSE;;0;;0
Superficie agricole utilisée en hectare selon RGA, 1 km;Superficie agricole utilisée en hectare selon RGA, sur la maille de 1 km x 1 km;;Superficie agricole utilisée en hectare;INPN 1 km EXP;;;;tot_dens;FALSE;;0;;0
Cheptel en unité de gros bétail, tous aliments selon RGA, 1 km;Cheptel en unité de gros bétail, tous aliments selon RGA, sur la maille de 1 km x 1 km;;Cheptel en unité de gros bétail, tous aliments;INPN 1 km EXP;;;;tot_dens;FALSE;;0;;0
Superficie en terres labourables en hectare selon RGA, 1 km;Superficie en terres labourables en hectare selon RGA, sur la maille de 1 km x 1 km;;Superficie en terres labourables en hectare;INPN 1 km EXP;;;;tot_dens;FALSE;;0;;0
Superficie en cultures permanentes en hectare selon RGA, 1 km;Superficie en cultures permanentes en hectare selon RGA, sur la maille de 1 km x 1 km;;Superficie en cultures permanentes en hectare;INPN 1 km EXP;;;;tot_dens;FALSE;;0;;0
Superficie toujours en herbe en hectare selon RGA, 1 km;Superficie toujours en herbe en hectare selon RGA, sur la maille de 1 km x 1 km;;Superficie toujours en herbe en hectare;INPN 1 km EXP;;;;tot_dens;FALSE;;0;;0
Nombre de rejets polluants, 5 kmx 5 km;Nombre de rejets polluants, 5 kmx 5 km, selon BDREP;;Points de rejet;INPN 5 km EXP;;;;ct_elt;FALSE;;0;;0
Volume de rejets polluants, en kilogrammes 5 kmx 5 km;Volume de rejets polluants, en kilogrammes 5 kmx 5 km, selon BDREP - somme des rejets repérés sur la maille;;Points de rejet;INPN 5 km EXP;;;;val_sum;FALSE;;0;;0
Surfaces du réseau hydrologique;Surface en eau, selon surfaces du réseau hydrologique BD TOPO IGN, en m², sur la maille 5 km;;Surfaces en eau;INPN 5 km EXP;;;;intersect;FALSE;;0;;0
Longueur de cours d'eau BCAE, 5 km x 5 km;Longueur de cours d'eau BCAE, 5 km x 5 km - Bonnes conditions agri-écologiques dont bandes ennherbées, source DDT avant consolidation SiEau, en km;;Cours d'eau BCAE;INPN 5 km EXP;;;;intersect/1000;FALSE;;0;;0
Longueur de cours d'eau Liste 1, 5 km x 5 km;"Longueur de cours d'eau réglementés Police de l'Eau dits ""liste 1"", 5 km x 5 km - Circulaire 2015, source DDT avant consolidation SiEau, en km";;Cours d'eau Liste 1;INPN 5 km EXP;;;;intersect/1000;FALSE;;0;;0
Longueur de cours d'eau Liste 2, 5 km x 5 km;"Longueur de cours d'eau réglementés Police de l'Eau dits ""liste 2"", 5 km x 5 km - Circulaire 2015, source DDT avant consolidation SiEau, en km";;Cours d'eau Liste 2;INPN 5 km EXP;;;;intersect/1000;FALSE;;0;;0
Longueur de cours d'eau Liste 1 & 2, 5 km x 5 km;"Longueur de cours d'eau réglementés Police de l'Eau dits ""liste 1"" et ""liste 2"" confondus, 5 km x 5 km - Circulaire 2015, source DDT avant consolidation SiEau, en km";;Cours d'eau Liste 1 et Liste 2;INPN 5 km EXP;;;;intersect/1000;FALSE;;0;;0
Longueurs de haies, 5 km x 5 km;Longueur de haies inventoriées sur la maille 5 km, selon BD TOPO IGN, en km;;Linéaires de haies;INPN 5 km EXP;;;;intersect/1000;FALSE;;0;;0
Longueurs de cours d'eau, 5 km x 5 km;Longueur de cours d'eau inventoriés sur la maille 5 km, selon BD TOPO IGN, en km;;Cours d'eau;INPN 5 km EXP;;;;intersect/1000;FALSE;;0;;0
Surface en plans d'eau inventoriées, 5 km x 5 km;Surface en plans d'eau, selon surfaces du réseau hydrologique BD TOPO IGN, en m², sur la maille 5 km;;Plans d'eau;INPN 5 km EXP;;;;intersect;FALSE;;0;;0
Surface des réservoirs en eau inventoriés, 5 km x 5 km;Surface des réservoirs en eau, selon surfaces du réseau hydrologique BD TOPO IGN, en m², sur la maille 5 km;;Réservoirs d'eau;INPN 5 km EXP;;;;intersect;FALSE;;0;;0
Surface d'épandage proche du bâti, 5 km x 5 km;"Surface agricole en ""grande culture"" (selon RPG), à moins de 25 m du bâti (IGN BD TOPO 2019) - interdiction épandage arrêté 2020; En m² pour la maille concernée de 5 km x 5 km.";;Epandage bâti 25m;INPN 5 km EXP;;;;intersect;FALSE;;0;;0
Aires d'alimentation de captage (surface), 5 km x 5 km;Surface en m² sur la maille de 5 km  x 5 km, en aire d'alimentation de captage (OIEau 2019);;Aires alimentation captage;INPN 5 km EXP;;;;intersect;FALSE;;0;;0
RNAOE max., 5 km x 5 km;Valeur la plus déclassante du risque de non atteinte du bon état environnemental, 2013, sur la maille 5 km x 5 km;;RNAOE;INPN 5 km EXP;;;value_str_full;;FALSE;;0;;0
RNAOE chimie max., 5 km x 5 km;Valeur la plus déclassante du risque de non atteinte du bon état environnemental, 2013 - paramètres chimiques DCE, sur la maille 5 km x 5 km;;RNAOE chimie;INPN 5 km EXP;;;value_str_full;;FALSE;;0;;0
RNAOE écologie max., 5 km x 5 km;Valeur la plus déclassante du risque de non atteinte du bon état environnemental, 2013 - paramètres écologiques (biologiques et polluants spécifiques) DCE, sur la maille 5 km x 5 km;;RNAOE écologie;INPN 5 km EXP;;;value_str_full;;FALSE;;0;;0
Surface en réservoirs biologiques, 5 km x 5 km;Surface en m² sur la maille de 5 km  x 5 km, faisant l'objet d'un intérêt écologique particulier (Réservoirs biologiques INPN 2021);;Réservoirs biologiques;INPN 5 km EXP;;;;intersect;FALSE;;0;;0
Surface en zones humides potentielles, 5 km x 5 km;Surface en m² sur la maille de 5 km  x 5 km, en zonne humide potentielle (modèle INRAE 2017);;Zones humides potentielles INRAE;INPN 5 km EXP;;;;intersect;FALSE;;0;;0
Surface en pente sup. 10 %, 5 km x 5 km;Surface en m² sur la maille de 5 km  x 5 km, dont la pente est supérieur ou égale à 10 % (BD ALTI IGN 25 m, calcul OFB 2017);;Pentes 10 pourcent;INPN 5 km EXP;;;;intersect;FALSE;;0;;0
Nombre de plans d'eau inventoriées, 5 km x 5 km;Nombre de plans d'eau, selon BD TOPO IGN, en m², sur la maille 5 km;;Plans d'eau;INPN 5 km EXP;;;;ct_elt;FALSE;;0;;0
Nombre de réservoirs en eau inventoriés, 5 km x 5 km;Nombre de réservoirs en eau, selon Nombres du réseau hydrologique BD TOPO IGN, en m², sur la maille 5 km;;Réservoirs d'eau;INPN 5 km EXP;;;;ct_elt;FALSE;;0;;0
Nombre de parcelles d'épandage proche du bâti, 5 km x 5 km;"Nombre de parcelles agricole en ""grande culture"" (selon RPG), à moins de 25 m du bâti (IGN BD TOPO 2019) - interdiction épandage arrêté 2020; En m² pour la maille concernée de 5 km x 5 km.";;Epandage bâti 25m;INPN 5 km EXP;;;;ct_elt;FALSE;;0;;0
Fracturation de la pente sup. 10 %, 5 km x 5 km;Nombre d'élément sur la maille de 5 km  x 5 km, dont la pente est supérieur ou égale à 10 % (BD ALTI IGN 25 m, calcul OFB 2017) - donne une idée de la fracturation (plusieurs territoires ou une pente générale);;Pentes 10 pourcent;INPN 5 km EXP;;;;ct_elt;FALSE;;0;;0
Exploitations agricoles ayant leur siège dans la commune selon RGA, 5 km;Exploitations agricoles ayant leur siège dans la commune selon RGA, sur la maille de 5 km x 5 km;;Exploitations agricoles ayant leur siège dans la commune;INPN 5 km EXP;;;;tot_dens;FALSE;;0;;0
Travail dans les exploitations agricoles en unité de travail annuel selon RGA, 5 km;Travail dans les exploitations agricoles en unité de travail annuel selon RGA, sur la maille de 5 km x 5 km;;Travail dans les exploitations agricoles en unité de travail annuel;INPN 5 km EXP;;;;tot_dens;FALSE;;0;;0
Superficie agricole utilisée en hectare selon RGA, 5 km;Superficie agricole utilisée en hectare selon RGA, sur la maille de 5 km x 5 km;;Superficie agricole utilisée en hectare;INPN 5 km EXP;;;;tot_dens;FALSE;;0;;0
Cheptel en unité de gros bétail, tous aliments selon RGA, 5 km;Cheptel en unité de gros bétail, tous aliments selon RGA, sur la maille de 5 km x 5 km;;Cheptel en unité de gros bétail, tous aliments;INPN 5 km EXP;;;;tot_dens;FALSE;;0;;0
Superficie en terres labourables en hectare selon RGA, 5 km;Superficie en terres labourables en hectare selon RGA, sur la maille de 5 km x 5 km;;Superficie en terres labourables en hectare;INPN 5 km EXP;;;;tot_dens;FALSE;;0;;0
Superficie en cultures permanentes en hectare selon RGA, 5 km;Superficie en cultures permanentes en hectare selon RGA, sur la maille de 5 km x 5 km;;Superficie en cultures permanentes en hectare;INPN 5 km EXP;;;;tot_dens;FALSE;;0;;0
Superficie toujours en herbe en hectare selon RGA, 5 km;Superficie toujours en herbe en hectare selon RGA, sur la maille de 5 km x 5 km;;Superficie toujours en herbe en hectare;INPN 5 km EXP;;;;tot_dens;FALSE;;0;;0
Zones vulnérables nitrates;Surface en m² sur la maille de 1 km  x 1 km, rapportée en 2020 à la CE pour vulnérabilité nitrates;;Zones vulnérables nitrates;INPN 1 km EXP;;;;intersect;FALSE;;0;;0
Zones vulnérables nitrates, 5 km x 5 km;Surface en m² sur la maille de 5 km  x 5 km, rapportée en 2020 à la CE pour vulnérabilité nitrates;;Zones vulnérables nitrates;INPN 5 km EXP;;;;intersect;FALSE;;1;;0
